record-type,attack-v18-attack-id,attack-v19-attack-id,attack-v18-stix-id,attack-v19-stix-id,attack-v18-name,attack-v19-name,attack-v19-parent-attack-id,attack-v18-tactics,attack-v19-tactics,explanation,technique-change-type,tactic-change-type
Existing Technique,T1548,T1548,attack-pattern--67720091-eee3-4d2d-ae16-8264567f6f5b,attack-pattern--67720091-eee3-4d2d-ae16-8264567f6f5b,Abuse Elevation Control Mechanism,Abuse Elevation Control Mechanism,,defense-evasion;privilege-escalation,privilege-escalation,,Remains technique,Left Defense Evasion
Existing Technique,T1548.002,T1548.002,attack-pattern--120d5519-3098-4e1c-9191-2aa61232f073,attack-pattern--120d5519-3098-4e1c-9191-2aa61232f073,Abuse Elevation Control Mechanism: Bypass User Account Control,Abuse Elevation Control Mechanism: Bypass User Account Control,T1548,defense-evasion;privilege-escalation,privilege-escalation,,Remains sub-technique,Left Defense Evasion
Existing Technique,T1548.004,T1548.004,attack-pattern--b84903f0-c7d5-435d-a69e-de47cc3578c0,attack-pattern--b84903f0-c7d5-435d-a69e-de47cc3578c0,Abuse Elevation Control Mechanism: Elevated Execution with Prompt,Abuse Elevation Control Mechanism: Elevated Execution with Prompt,T1548,defense-evasion;privilege-escalation,privilege-escalation,,Remains sub-technique,Left Defense Evasion
Existing Technique,T1548.001,T1548.001,attack-pattern--6831414d-bb70-42b7-8030-d4e06b2660c9,attack-pattern--6831414d-bb70-42b7-8030-d4e06b2660c9,Abuse Elevation Control Mechanism: Setuid and Setgid,Abuse Elevation Control Mechanism: Setuid and Setgid,T1548,defense-evasion;privilege-escalation,privilege-escalation,,Remains sub-technique,Left Defense Evasion
Existing Technique,T1548.003,T1548.003,attack-pattern--1365fe3b-0f50-455d-b4da-266ce31c23b0,attack-pattern--1365fe3b-0f50-455d-b4da-266ce31c23b0,Abuse Elevation Control Mechanism: Sudo and Sudo Caching,Abuse Elevation Control Mechanism: Sudo and Sudo Caching,T1548,defense-evasion;privilege-escalation,privilege-escalation,,Remains sub-technique,Left Defense Evasion
Existing Technique,T1548.006,T1548.006,attack-pattern--e8a0a025-3601-4755-abfb-8d08283329fb,attack-pattern--e8a0a025-3601-4755-abfb-8d08283329fb,Abuse Elevation Control Mechanism: TCC Manipulation,Abuse Elevation Control Mechanism: TCC Manipulation,T1548,defense-evasion;privilege-escalation,privilege-escalation,,Remains sub-technique,Left Defense Evasion
Existing Technique,T1548.005,T1548.005,attack-pattern--6fa224c7-5091-4595-bf15-3fc9fe2f2c7c,attack-pattern--6fa224c7-5091-4595-bf15-3fc9fe2f2c7c,Abuse Elevation Control Mechanism: Temporary Elevated Cloud Access,Abuse Elevation Control Mechanism: Temporary Elevated Cloud Access,T1548,defense-evasion;privilege-escalation,privilege-escalation,,Remains sub-technique,Left Defense Evasion
Existing Technique,T1134,T1134,attack-pattern--dcaa092b-7de9-4a21-977f-7fcb77e89c48,attack-pattern--dcaa092b-7de9-4a21-977f-7fcb77e89c48,Access Token Manipulation,Access Token Manipulation,,defense-evasion;privilege-escalation,stealth;privilege-escalation,,Remains technique,"Remains TA0005 -> renamed Stealth, and Remains in Additional Tactic(s)"
Existing Technique,T1134.002,T1134.002,attack-pattern--677569f9-a8b0-459e-ab24-7f18091fa7bf,attack-pattern--677569f9-a8b0-459e-ab24-7f18091fa7bf,Access Token Manipulation: Create Process with Token,Access Token Manipulation: Create Process with Token,T1134,defense-evasion;privilege-escalation,stealth;privilege-escalation,,Remains sub-technique,"Remains TA0005 -> renamed Stealth, and Remains in Additional Tactic(s)"
Existing Technique,T1134.003,T1134.003,attack-pattern--8cdeb020-e31e-4f88-a582-f53dcfbda819,attack-pattern--8cdeb020-e31e-4f88-a582-f53dcfbda819,Access Token Manipulation: Make and Impersonate Token,Access Token Manipulation: Make and Impersonate Token,T1134,defense-evasion;privilege-escalation,stealth;privilege-escalation,,Remains sub-technique,"Remains TA0005 -> renamed Stealth, and Remains in Additional Tactic(s)"
Existing Technique,T1134.004,T1134.004,attack-pattern--93591901-3172-4e94-abf8-6034ab26f44a,attack-pattern--93591901-3172-4e94-abf8-6034ab26f44a,Access Token Manipulation: Parent PID Spoofing,Access Token Manipulation: Parent PID Spoofing,T1134,defense-evasion;privilege-escalation,stealth;privilege-escalation,,Remains sub-technique,"Remains TA0005 -> renamed Stealth, and Remains in Additional Tactic(s)"
Existing Technique,T1134.005,T1134.005,attack-pattern--b7dc639b-24cd-482d-a7f1-8897eda21023,attack-pattern--b7dc639b-24cd-482d-a7f1-8897eda21023,Access Token Manipulation: SID-History Injection,Access Token Manipulation: SID-History Injection,T1134,defense-evasion;privilege-escalation,stealth;privilege-escalation,,Remains sub-technique,"Remains TA0005 -> renamed Stealth, and Remains in Additional Tactic(s)"
Existing Technique,T1134.001,T1134.001,attack-pattern--86850eff-2729-40c3-b85e-c4af26da4a2d,attack-pattern--86850eff-2729-40c3-b85e-c4af26da4a2d,Access Token Manipulation: Token Impersonation/Theft,Access Token Manipulation: Token Impersonation/Theft,T1134,defense-evasion;privilege-escalation,stealth;privilege-escalation,,Remains sub-technique,"Remains TA0005 -> renamed Stealth, and Remains in Additional Tactic(s)"
Existing Technique,T1197,T1197,attack-pattern--c8e87b83-edbb-48d4-9295-4974897525b7,attack-pattern--c8e87b83-edbb-48d4-9295-4974897525b7,BITS Jobs,BITS Jobs,,defense-evasion;persistence,stealth;persistence;execution,,Remains sub-technique,"Remains TA0005 -> renamed Stealth, and Remains in Additional Tactic(s)"
Existing Technique,T1612,T1612,attack-pattern--800f9819-7007-4540-a520-40e655876800,attack-pattern--800f9819-7007-4540-a520-40e655876800,Build Image on Host,Build Image on Host,,defense-evasion,stealth,,Remains technique,Remains TA0005 -> renamed Stealth
Existing Technique,T1622,T1622,attack-pattern--e4dc8c01-417f-458d-9ee0-bb0617c1b391,attack-pattern--e4dc8c01-417f-458d-9ee0-bb0617c1b391,Debugger Evasion,Debugger Evasion,,defense-evasion;discovery,stealth;discovery,,Remains technique,"Remains TA0005 -> renamed Stealth, and Remains in Additional Tactic(s)"
Existing Technique,T1678,T1678,attack-pattern--a1df809c-7d0e-459f-8fe5-25474bab770b,attack-pattern--a1df809c-7d0e-459f-8fe5-25474bab770b,Delay Execution,Delay Execution,,defense-evasion,stealth,,Remains technique,Remains TA0005 -> renamed Stealth
Existing Technique,T1140,T1140,attack-pattern--3ccef7ae-cb5e-48f6-8302-897105fbf55c,attack-pattern--3ccef7ae-cb5e-48f6-8302-897105fbf55c,Deobfuscate/Decode Files or Information,Deobfuscate/Decode Files or Information,,defense-evasion,stealth,,Remains technique,Remains TA0005 -> renamed Stealth
Existing Technique,T1610,T1610,attack-pattern--56e0d8b8-3e25-49dd-9050-3aa252f5aa92,attack-pattern--56e0d8b8-3e25-49dd-9050-3aa252f5aa92,Deploy Container,Deploy Container,,defense-evasion;execution,execution,,Remains technique,Left Defense Evasion
Existing Technique,T1006,T1006,attack-pattern--0c8ab3eb-df48-4b9c-ace7-beacaac81cc5,attack-pattern--0c8ab3eb-df48-4b9c-ace7-beacaac81cc5,Direct Volume Access,Direct Volume Access,,defense-evasion,stealth,,Remains technique,Remains TA0005 -> renamed Stealth
Existing Technique,T1484,T1484,attack-pattern--ebb42bbe-62d7-47d7-a55f-3b08b61d792d,attack-pattern--ebb42bbe-62d7-47d7-a55f-3b08b61d792d,Domain or Tenant Policy Modification,Domain or Tenant Policy Modification,,defense-evasion;privilege-escalation,defense-impairment;privilege-escalation,,Remains technique,"Moved to new tactic Defense Impairment, and Remains in Additional Tactic(s)"
Existing Technique,T1484.001,T1484.001,attack-pattern--5d2be8b9-d24c-4e98-83bf-2f5f79477163,attack-pattern--5d2be8b9-d24c-4e98-83bf-2f5f79477163,Domain or Tenant Policy Modification: Group Policy Modification,Domain or Tenant Policy Modification: Group Policy Modification,T1484,defense-evasion;privilege-escalation,defense-impairment;privilege-escalation,,Remains sub-technique,"Moved to new tactic Defense Impairment, and Remains in Additional Tactic(s)"
Existing Technique,T1484.002,T1484.002,attack-pattern--24769ab5-14bd-4f4e-a752-cfb185da53ee,attack-pattern--24769ab5-14bd-4f4e-a752-cfb185da53ee,Domain or Tenant Policy Modification: Trust Modification,Domain or Tenant Policy Modification: Trust Modification,T1484,defense-evasion;privilege-escalation,defense-impairment;privilege-escalation,,Remains sub-technique,"Moved to new tactic Defense Impairment, and Remains in Additional Tactic(s)"
Existing Technique,T1672,T1684.002,attack-pattern--e1c2db92-7ae3-4e6a-90b4-157c1c1565cb,attack-pattern--fcf5bccf-be7a-48ff-b7a7-8d6019279301,Email Spoofing,Social Engineering: Email Spoofing,T1684,defense-evasion,stealth,,Revoked T1672,Remains TA0005 -> renamed Stealth
Existing Technique,T1480,T1480,attack-pattern--853c4192-4311-43e1-bfbb-b11b14911852,attack-pattern--853c4192-4311-43e1-bfbb-b11b14911852,Execution Guardrails,Execution Guardrails,,defense-evasion,stealth,,Remains technique,Remains TA0005 -> renamed Stealth
Existing Technique,T1480.001,T1480.001,attack-pattern--f244b8dd-af6c-4391-a497-fc03627ce995,attack-pattern--f244b8dd-af6c-4391-a497-fc03627ce995,Execution Guardrails: Environmental Keying,Execution Guardrails: Environmental Keying,T1480,defense-evasion,stealth,,Remains sub-technique,Remains TA0005 -> renamed Stealth
Existing Technique,T1480.002,T1480.002,attack-pattern--49fca0d2-685d-41eb-8bd4-05451cc3a742,attack-pattern--49fca0d2-685d-41eb-8bd4-05451cc3a742,Execution Guardrails: Mutual Exclusion,Execution Guardrails: Mutual Exclusion,T1480,defense-evasion,stealth,,Remains sub-technique,Remains TA0005 -> renamed Stealth
Existing Technique,T1211,T1211,attack-pattern--fe926152-f431-4baf-956c-4ad3cb0bf23b,attack-pattern--fe926152-f431-4baf-956c-4ad3cb0bf23b,Exploitation for Defense Evasion,Exploitation for Stealth,,defense-evasion,stealth,,Remains technique,Remains TA0005 -> renamed Stealth
Existing Technique,T1222,T1222,attack-pattern--65917ae0-b854-4139-83fe-bf2441cf0196,attack-pattern--65917ae0-b854-4139-83fe-bf2441cf0196,File and Directory Permissions Modification,File and Directory Permissions Modification,,defense-evasion,defense-impairment,,Remains technique,Moved to new tactic Defense Impairment
Existing Technique,T1222.002,T1222.002,attack-pattern--09b130a2-a77e-4af0-a361-f46f9aad1345,attack-pattern--09b130a2-a77e-4af0-a361-f46f9aad1345,File and Directory Permissions Modification: Linux and Mac File and Directory Permissions Modification,File and Directory Permissions Modification: Linux and Mac Permissions,T1222,defense-evasion,defense-impairment,,Remains sub-technique,Moved to new tactic Defense Impairment
Existing Technique,T1222.001,T1222.001,attack-pattern--34e793de-0274-4982-9c1a-246ed1c19dee,attack-pattern--34e793de-0274-4982-9c1a-246ed1c19dee,File and Directory Permissions Modification: Windows File and Directory Permissions Modification,File and Directory Permissions Modification: Windows Permissions,T1222,defense-evasion,defense-impairment,,Remains sub-technique,Moved to new tactic Defense Impairment
Existing Technique,T1564,T1564,attack-pattern--22905430-4901-4c2a-84f6-98243cb173f8,attack-pattern--22905430-4901-4c2a-84f6-98243cb173f8,Hide Artifacts,Hide Artifacts,,defense-evasion,stealth,,Remains technique,Remains TA0005 -> renamed Stealth
Existing Technique,T1564.013,T1564.013,attack-pattern--5bd41255-a224-4425-a2e2-e9d293eafe1c,attack-pattern--5bd41255-a224-4425-a2e2-e9d293eafe1c,Hide Artifacts: Bind Mounts,Hide Artifacts: Bind Mounts,T1564,defense-evasion,stealth,,Remains sub-technique,Remains TA0005 -> renamed Stealth
Existing Technique,T1564.008,T1564.008,attack-pattern--0cf55441-b176-4332-89e7-2c4c7799d0ff,attack-pattern--0cf55441-b176-4332-89e7-2c4c7799d0ff,Hide Artifacts: Email Hiding Rules,Hide Artifacts: Email Hiding Rules,T1564,defense-evasion,stealth,,Remains sub-technique,Remains TA0005 -> renamed Stealth
Existing Technique,T1564.014,T1564.014,attack-pattern--762e6f29-a62f-4d96-91ed-d0073181431f,attack-pattern--762e6f29-a62f-4d96-91ed-d0073181431f,Hide Artifacts: Extended Attributes,Hide Artifacts: Extended Attributes,T1564,defense-evasion,stealth,,Remains sub-technique,Remains TA0005 -> renamed Stealth
Existing Technique,T1564.012,T1564.012,attack-pattern--09b008a9-b4eb-462a-a751-a0eb58050cd9,attack-pattern--09b008a9-b4eb-462a-a751-a0eb58050cd9,Hide Artifacts: File/Path Exclusions,Hide Artifacts: File/Path Exclusions,T1564,defense-evasion,stealth,,Remains sub-technique,Remains TA0005 -> renamed Stealth
Existing Technique,T1564.005,T1564.005,attack-pattern--dfebc3b7-d19d-450b-81c7-6dafe4184c04,attack-pattern--dfebc3b7-d19d-450b-81c7-6dafe4184c04,Hide Artifacts: Hidden File System,Hide Artifacts: Hidden File System,T1564,defense-evasion,stealth,,Remains sub-technique,Remains TA0005 -> renamed Stealth
Existing Technique,T1564.001,T1564.001,attack-pattern--ec8fc7e2-b356-455c-8db5-2e37be158e7d,attack-pattern--ec8fc7e2-b356-455c-8db5-2e37be158e7d,Hide Artifacts: Hidden Files and Directories,Hide Artifacts: Hidden Files and Directories,T1564,defense-evasion,stealth,,Remains sub-technique,Remains TA0005 -> renamed Stealth
Existing Technique,T1564.002,T1564.002,attack-pattern--8c4aef43-48d5-49aa-b2af-c0cd58d30c3d,attack-pattern--8c4aef43-48d5-49aa-b2af-c0cd58d30c3d,Hide Artifacts: Hidden Users,Hide Artifacts: Hidden Users,T1564,defense-evasion,stealth,,Remains sub-technique,Remains TA0005 -> renamed Stealth
Existing Technique,T1564.003,T1564.003,attack-pattern--cbb66055-0325-4111-aca0-40547b6ad5b0,attack-pattern--cbb66055-0325-4111-aca0-40547b6ad5b0,Hide Artifacts: Hidden Window,Hide Artifacts: Hidden Window,T1564,defense-evasion,stealth,,Remains sub-technique,Remains TA0005 -> renamed Stealth
Existing Technique,T1564.011,T1564.011,attack-pattern--4a2975db-414e-4c0c-bd92-775987514b4b,attack-pattern--4a2975db-414e-4c0c-bd92-775987514b4b,Hide Artifacts: Ignore Process Interrupts,Hide Artifacts: Ignore Process Interrupts,T1564,defense-evasion,stealth,,Remains sub-technique,Remains TA0005 -> renamed Stealth
Existing Technique,T1564.004,T1564.004,attack-pattern--f2857333-11d4-45bf-b064-2c28d8525be5,attack-pattern--f2857333-11d4-45bf-b064-2c28d8525be5,Hide Artifacts: NTFS File Attributes,Hide Artifacts: NTFS File Attributes,T1564,defense-evasion,stealth,,Remains sub-technique,Remains TA0005 -> renamed Stealth
Existing Technique,T1564.010,T1564.010,attack-pattern--ffe59ad3-ad9b-4b9f-b74f-5beb3c309dc1,attack-pattern--ffe59ad3-ad9b-4b9f-b74f-5beb3c309dc1,Hide Artifacts: Process Argument Spoofing,Hide Artifacts: Process Argument Spoofing,T1564,defense-evasion,stealth,,Remains sub-technique,Remains TA0005 -> renamed Stealth
Existing Technique,T1564.009,T1564.009,attack-pattern--b22e5153-ac28-4cc6-865c-2054e36285cb,attack-pattern--b22e5153-ac28-4cc6-865c-2054e36285cb,Hide Artifacts: Resource Forking,Hide Artifacts: Resource Forking,T1564,defense-evasion,stealth,,Remains sub-technique,Remains TA0005 -> renamed Stealth
Existing Technique,T1564.006,T1564.006,attack-pattern--b5327dd1-6bf9-4785-a199-25bcbd1f4a9d,attack-pattern--b5327dd1-6bf9-4785-a199-25bcbd1f4a9d,Hide Artifacts: Run Virtual Instance,Hide Artifacts: Run Virtual Instance,T1564,defense-evasion,stealth,,Remains sub-technique,Remains TA0005 -> renamed Stealth
Existing Technique,T1564.007,T1564.007,attack-pattern--c898c4b5-bf36-4e6e-a4ad-5b8c4c13e35b,attack-pattern--c898c4b5-bf36-4e6e-a4ad-5b8c4c13e35b,Hide Artifacts: VBA Stomping,Hide Artifacts: VBA Stomping,T1564,defense-evasion,stealth,,Remains sub-technique,Remains TA0005 -> renamed Stealth
Existing Technique,T1574,T1574,attack-pattern--aedfca76-3b30-4866-b2aa-0f1d7fd1e4b6,attack-pattern--aedfca76-3b30-4866-b2aa-0f1d7fd1e4b6,Hijack Execution Flow,Hijack Execution Flow,,defense-evasion;persistence;privilege-escalation,stealth;execution,,Remains technique,"Remains TA0005 -> renamed Stealth, and Remains in Additional Tactic(s)"
Existing Technique,T1574.014,T1574.014,attack-pattern--356662f7-e315-4759-86c9-6214e2a50ff8,attack-pattern--356662f7-e315-4759-86c9-6214e2a50ff8,Hijack Execution Flow: AppDomainManager,Hijack Execution Flow: AppDomainManager,T1574,defense-evasion;persistence;privilege-escalation,stealth;execution,,Remains sub-technique,"Remains TA0005 -> renamed Stealth, and Remains in Additional Tactic(s)"
Existing Technique,T1574.012,T1574.012,attack-pattern--ffeb0780-356e-4261-b036-cfb6bd234335,attack-pattern--ffeb0780-356e-4261-b036-cfb6bd234335,Hijack Execution Flow: COR_PROFILER,Hijack Execution Flow: COR_PROFILER,T1574,defense-evasion;persistence;privilege-escalation,stealth;execution,,Remains sub-technique,"Remains TA0005 -> renamed Stealth, and Remains in Additional Tactic(s)"
Existing Technique,T1574.001,T1574.001,attack-pattern--2fee9321-3e71-4cf4-af24-d4d40d355b34,attack-pattern--2fee9321-3e71-4cf4-af24-d4d40d355b34,Hijack Execution Flow: DLL,Hijack Execution Flow: DLL,T1574,defense-evasion;persistence;privilege-escalation,stealth;execution,,Remains sub-technique,"Remains TA0005 -> renamed Stealth, and Remains in Additional Tactic(s)"
Existing Technique,T1574.004,T1574.004,attack-pattern--fc742192-19e3-466c-9eb5-964a97b29490,attack-pattern--fc742192-19e3-466c-9eb5-964a97b29490,Hijack Execution Flow: Dylib Hijacking,Hijack Execution Flow: Dylib Hijacking,T1574,defense-evasion;persistence;privilege-escalation,stealth;execution,,Remains sub-technique,"Remains TA0005 -> renamed Stealth, and Remains in Additional Tactic(s)"
Existing Technique,T1574.006,T1574.006,attack-pattern--633a100c-b2c9-41bf-9be5-905c1b16c825,attack-pattern--633a100c-b2c9-41bf-9be5-905c1b16c825,Hijack Execution Flow: Dynamic Linker Hijacking,Hijack Execution Flow: Dynamic Linker Hijacking,T1574,defense-evasion;persistence;privilege-escalation,stealth;execution,,Remains sub-technique,"Remains TA0005 -> renamed Stealth, and Remains in Additional Tactic(s)"
Existing Technique,T1574.005,T1574.005,attack-pattern--70d81154-b187-45f9-8ec5-295d01255979,attack-pattern--70d81154-b187-45f9-8ec5-295d01255979,Hijack Execution Flow: Executable Installer File Permissions Weakness,Hijack Execution Flow: Executable Installer File Permissions Weakness,T1574,defense-evasion;persistence;privilege-escalation,stealth;execution,,Remains sub-technique,"Remains TA0005 -> renamed Stealth, and Remains in Additional Tactic(s)"
Existing Technique,T1574.013,T1574.013,attack-pattern--a4657bc9-d22f-47d2-a7b7-dd6ec33f3dde,attack-pattern--a4657bc9-d22f-47d2-a7b7-dd6ec33f3dde,Hijack Execution Flow: KernelCallbackTable,Hijack Execution Flow: KernelCallbackTable,T1574,defense-evasion;persistence;privilege-escalation,stealth;execution,,Remains sub-technique,"Remains TA0005 -> renamed Stealth, and Remains in Additional Tactic(s)"
Existing Technique,T1574.007,T1574.007,attack-pattern--0c2d00da-7742-49e7-9928-4514e5075d32,attack-pattern--0c2d00da-7742-49e7-9928-4514e5075d32,Hijack Execution Flow: Path Interception by PATH Environment Variable,Hijack Execution Flow: Path Interception by PATH Environment Variable,T1574,defense-evasion;persistence;privilege-escalation,stealth;execution,,Remains sub-technique,"Remains TA0005 -> renamed Stealth, and Remains in Additional Tactic(s)"
Existing Technique,T1574.008,T1574.008,attack-pattern--58af3705-8740-4c68-9329-ec015a7013c2,attack-pattern--58af3705-8740-4c68-9329-ec015a7013c2,Hijack Execution Flow: Path Interception by Search Order Hijacking,Hijack Execution Flow: Path Interception by Search Order Hijacking,T1574,defense-evasion;persistence;privilege-escalation,stealth;execution,,Remains sub-technique,"Remains TA0005 -> renamed Stealth, and Remains in Additional Tactic(s)"
Existing Technique,T1574.009,T1574.009,attack-pattern--bf96a5a3-3bce-43b7-8597-88545984c07b,attack-pattern--bf96a5a3-3bce-43b7-8597-88545984c07b,Hijack Execution Flow: Path Interception by Unquoted Path,Hijack Execution Flow: Path Interception by Unquoted Path,T1574,defense-evasion;persistence;privilege-escalation,stealth;execution,,Remains sub-technique,"Remains TA0005 -> renamed Stealth, and Remains in Additional Tactic(s)"
Existing Technique,T1574.010,T1574.010,attack-pattern--9e8b28c9-35fe-48ac-a14d-e6cc032dcbcd,attack-pattern--9e8b28c9-35fe-48ac-a14d-e6cc032dcbcd,Hijack Execution Flow: Services File Permissions Weakness,Hijack Execution Flow: Services File Permissions Weakness,T1574,defense-evasion;persistence;privilege-escalation,stealth;execution,,Remains sub-technique,"Remains TA0005 -> renamed Stealth, and Remains in Additional Tactic(s)"
Existing Technique,T1574.011,T1574.011,attack-pattern--17cc750b-e95b-4d7d-9dde-49e0de24148c,attack-pattern--17cc750b-e95b-4d7d-9dde-49e0de24148c,Hijack Execution Flow: Services Registry Permissions Weakness,Hijack Execution Flow: Services Registry Permissions Weakness,T1574,defense-evasion;persistence;privilege-escalation,stealth;execution,,Remains sub-technique,"Remains TA0005 -> renamed Stealth, and Remains in Additional Tactic(s)"
Existing Technique,T1562,T1685,attack-pattern--3d333250-30e4-4a82-9edc-756c68afc529,attack-pattern--bbde9781-60aa-4b8a-a911-895b0c1b3872,Impair Defenses,Disable or Modify Tools,,defense-evasion,defense-impairment,T1562 revoked by T1685; T1562.001 and T1562.006 were also revoked by T1685 and merged into parent T1685,Merged into new technique,Moved to new tactic Defense Impairment
Existing Technique,T1562.007,T1686.001,attack-pattern--77532a55-c283-4cd2-bc5d-2d0b65e9d88c,attack-pattern--ee474564-64be-4b83-a958-53f238f49b01,Impair Defenses: Disable or Modify Cloud Firewall,Disable or Modify System Firewall: Cloud Firewall,T1686,defense-evasion,defense-impairment,,Revoked T1562.007,Moved to new tactic Defense Impairment
Existing Technique,T1562.008,T1685.002,attack-pattern--cacc40da-4c9e-462c-80d5-fd70a178b12d,attack-pattern--34ff60a3-a3f8-42e4-bed0-af9a2cb563d7,Impair Defenses: Disable or Modify Cloud Logs,Disable or Modify Tools: Disable or Modify Cloud Log,T1685,defense-evasion,defense-impairment,,Revoked T1562.008,Moved to new tactic Defense Impairment
Existing Technique,T1562.012,T1685.004,attack-pattern--562e9b64-7239-493d-80f4-2bff900d9054,attack-pattern--23d69d00-80c4-42ff-9dac-dbd0459dad75,Impair Defenses: Disable or Modify Linux Audit System,Disable or Modify Tools: Disable or Modify Linux Audit System Log,T1685,defense-evasion,defense-impairment,,Revoked T1562.012,Moved to new tactic Defense Impairment
Existing Technique,T1562.013,T1686.002,attack-pattern--a0f84e1d-d25c-4dd1-bb26-3c0e68471530,attack-pattern--a29aa77c-a88d-4f19-bab9-7751941b2e2d,Impair Defenses: Disable or Modify Network Device Firewall,Disable or Modify System Firewall: Network Device Firewall,T1686,defense-evasion,defense-impairment,,Revoked T1562.013,Moved to new tactic Defense Impairment
Existing Technique,T1562.004,T1686,attack-pattern--5372c5fe-f424-4def-bcd5-d3a8e770f07b,attack-pattern--eec096b8-c207-43df-b6c1-11523861e452,Impair Defenses: Disable or Modify System Firewall,Disable or Modify System Firewall,,defense-evasion,defense-impairment,,Revoked T1562.004,Moved to new tactic Defense Impairment
Existing Technique,T1562.001,T1685,attack-pattern--ac08589e-ee59-4935-8667-d845e38fe579,attack-pattern--bbde9781-60aa-4b8a-a911-895b0c1b3872,Impair Defenses: Disable or Modify Tools,Disable or Modify Tools,,defense-evasion,defense-impairment,"T1562.001 revoked by T1685, along with T1562 and T1562.006",Merged into new technique,Moved to new tactic Defense Impairment
Existing Technique,T1562.002,T1685.001,attack-pattern--4eb28bed-d11a-4641-9863-c2ac017d910a,attack-pattern--1411e6b8-80a6-4465-9909-54eaa9c67ce0,Impair Defenses: Disable Windows Event Logging,Disable or Modify Tools: Disable or Modify Windows Event Log,T1685,defense-evasion,defense-impairment,,Revoked T1562.002,Moved to new tactic Defense Impairment
Existing Technique,T1562.010,T1689,attack-pattern--824add00-99a1-4b15-9a2d-6c5683b7b497,attack-pattern--30904c16-39f9-41c6-b01a-500eb8878442,Impair Defenses: Downgrade Attack,Downgrade Attack,,defense-evasion,defense-impairment,,Revoked T1562.010,Moved to new tactic Defense Impairment
Existing Technique,T1562.003,T1690,attack-pattern--8f504411-cb96-4dac-a537-8d2bb7679c59,attack-pattern--b831f51c-d22f-4724-bbab-60d056bd1150,Impair Defenses: Impair Command History Logging,Prevent Command History Logging,,defense-evasion,defense-impairment,,Revoked T1562.003,Moved to new tactic Defense Impairment
Existing Technique,T1562.006,T1685,attack-pattern--74d2a63f-3c7b-4852-92da-02d8fbab16da,attack-pattern--bbde9781-60aa-4b8a-a911-895b0c1b3872,Impair Defenses: Indicator Blocking,Disable or Modify Tools,,defense-evasion,defense-impairment,"T1562.006 revoked by T1685, along with T1562 and T1562.001",Merged into new technique,Moved to new tactic Defense Impairment
Existing Technique,T1562.009,T1688,attack-pattern--28170e17-8384-415c-8486-2e6b294cb803,attack-pattern--c7660f19-f8c5-4ae3-a5e5-24381c270376,Impair Defenses: Safe Mode Boot,Safe Mode Boot,,defense-evasion,defense-impairment,,Revoked T1562.009,Moved to new tactic Defense Impairment
Existing Technique,T1562.011,T1685.003,attack-pattern--bef8aaee-961d-4359-a308-4c2182bcedff,attack-pattern--0ff4bd68-aebb-4039-9e00-9f92c705edf4,Impair Defenses: Spoof Security Alerting,Disable or Modify Tools: Modify or Spoof Tool UI,T1685,defense-evasion,defense-impairment,,Revoked T1562.011,Moved to new tactic Defense Impairment
Existing Technique,T1656,T1684.001,attack-pattern--c9e0c59e-162e-40a4-b8b1-78fab4329ada,attack-pattern--cd92d2b8-ce43-4666-9472-f1b4b9f4f8be,Impersonation,Social Engineering: Impersonation,T1684,defense-evasion,stealth,,Revoked T1656,Remains TA0005 -> renamed Stealth
Existing Technique,T1070,T1070,attack-pattern--799ace7f-e227-4411-baa0-8868704f2a69,attack-pattern--799ace7f-e227-4411-baa0-8868704f2a69,Indicator Removal,Indicator Removal,,defense-evasion,stealth,,Remains technique,Remains TA0005 -> renamed Stealth
Existing Technique,T1070.003,T1070.003,attack-pattern--3aef9463-9a7a-43ba-8957-a867e07c1e6a,attack-pattern--3aef9463-9a7a-43ba-8957-a867e07c1e6a,Indicator Removal: Clear Command History,Indicator Removal: Clear Command History,T1070,defense-evasion,stealth,,Remains sub-technique,Remains TA0005 -> renamed Stealth
Existing Technique,T1070.002,T1685.006,attack-pattern--2bce5b30-7014-4a5d-ade7-12913fe6ac36,attack-pattern--5e29d64d-2b14-4f92-875e-4c9c498e213c,Indicator Removal: Clear Linux or Mac System Logs,Disable or Modify Tools: Clear Linux or Mac System Logs,T1685,defense-evasion,defense-impairment,,Revoked T1070.002,Moved to new tactic Defense Impairment
Existing Technique,T1070.008,T1070.008,attack-pattern--438c967d-3996-4870-bfc2-3954752a1927,attack-pattern--438c967d-3996-4870-bfc2-3954752a1927,Indicator Removal: Clear Mailbox Data,Indicator Removal: Clear Mailbox Data,T1070,defense-evasion,stealth,,Remains sub-technique,Remains TA0005 -> renamed Stealth
Existing Technique,T1070.007,T1070.007,attack-pattern--3975dbb5-0e1e-4f5b-bae1-cf2ab84b46dc,attack-pattern--3975dbb5-0e1e-4f5b-bae1-cf2ab84b46dc,Indicator Removal: Clear Network Connection History and Configurations,Indicator Removal: Clear Network Connection History and Configurations,T1070,defense-evasion,stealth,,Remains sub-technique,Remains TA0005 -> renamed Stealth
Existing Technique,T1070.009,T1070.009,attack-pattern--d2c4e5ea-dbdf-4113-805a-b1e2a337fb33,attack-pattern--d2c4e5ea-dbdf-4113-805a-b1e2a337fb33,Indicator Removal: Clear Persistence,Indicator Removal: Clear Persistence,T1070,defense-evasion,stealth,,Remains sub-technique,Remains TA0005 -> renamed Stealth
Existing Technique,T1070.001,T1685.005,attack-pattern--6495ae23-3ab4-43c5-a94f-5638a2c31fd2,attack-pattern--75b9a4d2-d4e2-4ca1-9aab-1badd9e05fd0,Indicator Removal: Clear Windows Event Logs,Disable or Modify Tools: Clear Windows Event Logs,T1685,defense-evasion,defense-impairment,,Revoked T1070.001,Moved to new tactic Defense Impairment
Existing Technique,T1070.004,T1070.004,attack-pattern--d63a3fb8-9452-4e9d-a60a-54be68d5998c,attack-pattern--d63a3fb8-9452-4e9d-a60a-54be68d5998c,Indicator Removal: File Deletion,Indicator Removal: File Deletion,T1070,defense-evasion,stealth,,Remains sub-technique,Remains TA0005 -> renamed Stealth
Existing Technique,T1070.005,T1070.005,attack-pattern--a750a9f6-0bde-4bb3-9aae-1e2786e9780c,attack-pattern--a750a9f6-0bde-4bb3-9aae-1e2786e9780c,Indicator Removal: Network Share Connection Removal,Indicator Removal: Network Share Connection Removal,T1070,defense-evasion,stealth,,Remains sub-technique,Remains TA0005 -> renamed Stealth
Existing Technique,T1070.010,T1070.010,attack-pattern--cc36eeae-2209-4e63-89d3-c97e19edf280,attack-pattern--cc36eeae-2209-4e63-89d3-c97e19edf280,Indicator Removal: Relocate Malware,Indicator Removal: Relocate Malware,T1070,defense-evasion,stealth,,Remains sub-technique,Remains TA0005 -> renamed Stealth
Existing Technique,T1070.006,T1070.006,attack-pattern--47f2d673-ca62-47e9-929b-1b0be9657611,attack-pattern--47f2d673-ca62-47e9-929b-1b0be9657611,Indicator Removal: Timestomp,Indicator Removal: Timestomp,T1070,defense-evasion,stealth,,Remains sub-technique,Remains TA0005 -> renamed Stealth
Existing Technique,T1202,T1202,attack-pattern--3b0e52ce-517a-4614-a523-1bd5deef6c5e,attack-pattern--3b0e52ce-517a-4614-a523-1bd5deef6c5e,Indirect Command Execution,Indirect Command Execution,,defense-evasion,stealth,,Remains technique,Remains TA0005 -> renamed Stealth
Existing Technique,T1036,T1036,attack-pattern--42e8de7b-37b2-4258-905a-6897815e58e0,attack-pattern--42e8de7b-37b2-4258-905a-6897815e58e0,Masquerading,Masquerading,,defense-evasion,stealth,,Remains technique,Remains TA0005 -> renamed Stealth
Existing Technique,T1036.009,T1036.009,attack-pattern--34a80bc4-80f2-46e6-94ff-f3265a4b657c,attack-pattern--34a80bc4-80f2-46e6-94ff-f3265a4b657c,Masquerading: Break Process Trees,Masquerading: Break Process Trees,T1036,defense-evasion,stealth,,Remains sub-technique,Remains TA0005 -> renamed Stealth
Existing Technique,T1036.012,T1036.012,attack-pattern--afac5dbc-4383-4fb6-9ba6-45b25d49e530,attack-pattern--afac5dbc-4383-4fb6-9ba6-45b25d49e530,Masquerading: Browser Fingerprint,Masquerading: Browser Fingerprint,T1036,defense-evasion,stealth,,Remains sub-technique,Remains TA0005 -> renamed Stealth
Existing Technique,T1036.007,T1036.007,attack-pattern--11f29a39-0942-4d62-92b6-fe236cf3066e,attack-pattern--11f29a39-0942-4d62-92b6-fe236cf3066e,Masquerading: Double File Extension,Masquerading: Double File Extension,T1036,defense-evasion,stealth,,Remains sub-technique,Remains TA0005 -> renamed Stealth
Existing Technique,T1036.001,T1036.001,attack-pattern--b4b7458f-81f2-4d38-84be-1c5ba0167a52,attack-pattern--b4b7458f-81f2-4d38-84be-1c5ba0167a52,Masquerading: Invalid Code Signature,Masquerading: Invalid Code Signature,T1036,defense-evasion,stealth,,Remains sub-technique,Remains TA0005 -> renamed Stealth
Existing Technique,T1036.010,T1036.010,attack-pattern--d349c66e-18e1-4d8b-a2d7-65af7cbd2ba0,attack-pattern--d349c66e-18e1-4d8b-a2d7-65af7cbd2ba0,Masquerading: Masquerade Account Name,Masquerading: Masquerade Account Name,T1036,defense-evasion,stealth,,Remains sub-technique,Remains TA0005 -> renamed Stealth
Existing Technique,T1036.008,T1036.008,attack-pattern--208884f1-7b83-4473-ac22-4e1cf6c41471,attack-pattern--208884f1-7b83-4473-ac22-4e1cf6c41471,Masquerading: Masquerade File Type,Masquerading: Masquerade File Type,T1036,defense-evasion,stealth,,Remains sub-technique,Remains TA0005 -> renamed Stealth
Existing Technique,T1036.004,T1036.004,attack-pattern--7bdca9d5-d500-4d7d-8c52-5fd47baf4c0c,attack-pattern--7bdca9d5-d500-4d7d-8c52-5fd47baf4c0c,Masquerading: Masquerade Task or Service,Masquerading: Masquerade Task or Service,T1036,defense-evasion,stealth,,Remains sub-technique,Remains TA0005 -> renamed Stealth
Existing Technique,T1036.005,T1036.005,attack-pattern--1c4e5d32-1fe9-4116-9d9d-59e3925bd6a2,attack-pattern--1c4e5d32-1fe9-4116-9d9d-59e3925bd6a2,Masquerading: Match Legitimate Resource Name or Location,Masquerading: Match Legitimate Resource Name or Location,T1036,defense-evasion,stealth,,Remains sub-technique,Remains TA0005 -> renamed Stealth
Existing Technique,T1036.011,T1036.011,attack-pattern--514dc7b3-0b80-4382-80a9-2e2d294f5019,attack-pattern--514dc7b3-0b80-4382-80a9-2e2d294f5019,Masquerading: Overwrite Process Arguments,Masquerading: Overwrite Process Arguments,T1036,defense-evasion,stealth,,Remains sub-technique,Remains TA0005 -> renamed Stealth
Existing Technique,T1036.003,T1036.003,attack-pattern--bd5b58a4-a52d-4a29-bc0d-3f1d3968eb6b,attack-pattern--bd5b58a4-a52d-4a29-bc0d-3f1d3968eb6b,Masquerading: Rename Legitimate Utilities,Masquerading: Rename Legitimate Utilities,T1036,defense-evasion,stealth,,Remains sub-technique,Remains TA0005 -> renamed Stealth
Existing Technique,T1036.002,T1036.002,attack-pattern--77eae145-55db-4519-8ae5-77b0c7215d69,attack-pattern--77eae145-55db-4519-8ae5-77b0c7215d69,Masquerading: Right-to-Left Override,Masquerading: Right-to-Left Override,T1036,defense-evasion,stealth,,Remains sub-technique,Remains TA0005 -> renamed Stealth
Existing Technique,T1036.006,T1036.006,attack-pattern--e51137a5-1cdc-499e-911a-abaedaa5ac86,attack-pattern--e51137a5-1cdc-499e-911a-abaedaa5ac86,Masquerading: Space after Filename,Masquerading: Space after Filename,T1036,defense-evasion,stealth,,Remains sub-technique,Remains TA0005 -> renamed Stealth
Existing Technique,T1556,T1556,attack-pattern--f4c1826f-a322-41cd-9557-562100848c84,attack-pattern--f4c1826f-a322-41cd-9557-562100848c84,Modify Authentication Process,Modify Authentication Process,,credential-access;defense-evasion;persistence,defense-impairment;persistence;credential-access,,Remains technique,"Moved to new tactic Defense Impairment, and Remains in Additional Tactic(s)"
Existing Technique,T1556.009,T1556.009,attack-pattern--ceaeb6d8-95ee-4da2-9d42-dc6aa6ca43ae,attack-pattern--ceaeb6d8-95ee-4da2-9d42-dc6aa6ca43ae,Modify Authentication Process: Conditional Access Policies,Modify Authentication Process: Conditional Access Policies,T1556,credential-access;defense-evasion;persistence,defense-impairment;persistence;credential-access,,Remains sub-technique,"Moved to new tactic Defense Impairment, and Remains in Additional Tactic(s)"
Existing Technique,T1556.001,T1556.001,attack-pattern--d4b96d2c-1032-4b22-9235-2b5b649d0605,attack-pattern--d4b96d2c-1032-4b22-9235-2b5b649d0605,Modify Authentication Process: Domain Controller Authentication,Modify Authentication Process: Domain Controller Authentication,T1556,credential-access;defense-evasion;persistence,defense-impairment;persistence;credential-access,,Remains sub-technique,"Moved to new tactic Defense Impairment, and Remains in Additional Tactic(s)"
Existing Technique,T1556.007,T1556.007,attack-pattern--54ca26f3-c172-4231-93e5-ccebcac2161f,attack-pattern--54ca26f3-c172-4231-93e5-ccebcac2161f,Modify Authentication Process: Hybrid Identity,Modify Authentication Process: Hybrid Identity,T1556,credential-access;defense-evasion;persistence,defense-impairment;persistence;credential-access,,Remains sub-technique,"Moved to new tactic Defense Impairment, and Remains in Additional Tactic(s)"
Existing Technique,T1556.006,T1556.006,attack-pattern--b4409cd8-0da9-46e1-a401-a241afd4d1cc,attack-pattern--b4409cd8-0da9-46e1-a401-a241afd4d1cc,Modify Authentication Process: Multi-Factor Authentication,Modify Authentication Process: Multi-Factor Authentication,T1556,credential-access;defense-evasion;persistence,defense-impairment;persistence;credential-access,,Remains sub-technique,"Moved to new tactic Defense Impairment, and Remains in Additional Tactic(s)"
Existing Technique,T1556.004,T1556.004,attack-pattern--fa44a152-ac48-441e-a524-dd7b04b8adcd,attack-pattern--fa44a152-ac48-441e-a524-dd7b04b8adcd,Modify Authentication Process: Network Device Authentication,Modify Authentication Process: Network Device Authentication,T1556,credential-access;defense-evasion;persistence,defense-impairment;persistence;credential-access,,Remains sub-technique,"Moved to new tactic Defense Impairment, and Remains in Additional Tactic(s)"
Existing Technique,T1556.008,T1556.008,attack-pattern--90c4a591-d02d-490b-92aa-619d9701ac04,attack-pattern--90c4a591-d02d-490b-92aa-619d9701ac04,Modify Authentication Process: Network Provider DLL,Modify Authentication Process: Network Provider DLL,T1556,credential-access;defense-evasion;persistence,defense-impairment;persistence;credential-access,,Remains sub-technique,"Moved to new tactic Defense Impairment, and Remains in Additional Tactic(s)"
Existing Technique,T1556.002,T1556.002,attack-pattern--3731fbcd-0e43-47ae-ae6c-d15e510f0d42,attack-pattern--3731fbcd-0e43-47ae-ae6c-d15e510f0d42,Modify Authentication Process: Password Filter DLL,Modify Authentication Process: Password Filter DLL,T1556,credential-access;defense-evasion;persistence,defense-impairment;persistence;credential-access,,Remains sub-technique,"Moved to new tactic Defense Impairment, and Remains in Additional Tactic(s)"
Existing Technique,T1556.003,T1556.003,attack-pattern--06c00069-771a-4d57-8ef5-d3718c1a8771,attack-pattern--06c00069-771a-4d57-8ef5-d3718c1a8771,Modify Authentication Process: Pluggable Authentication Modules,Modify Authentication Process: Pluggable Authentication Modules,T1556,credential-access;defense-evasion;persistence,defense-impairment;persistence;credential-access,,Remains sub-technique,"Moved to new tactic Defense Impairment, and Remains in Additional Tactic(s)"
Existing Technique,T1556.005,T1556.005,attack-pattern--d50955c2-272d-4ac8-95da-10c29dda1c48,attack-pattern--d50955c2-272d-4ac8-95da-10c29dda1c48,Modify Authentication Process: Reversible Encryption,Modify Authentication Process: Reversible Encryption,T1556,credential-access;defense-evasion;persistence,defense-impairment;persistence;credential-access,,Remains sub-technique,"Moved to new tactic Defense Impairment, and Remains in Additional Tactic(s)"
Existing Technique,T1578,T1578,attack-pattern--144e007b-e638-431d-a894-45d90c54ab90,attack-pattern--144e007b-e638-431d-a894-45d90c54ab90,Modify Cloud Compute Infrastructure,Modify Cloud Compute Infrastructure,,defense-evasion,defense-impairment,,Remains technique,Moved to new tactic Defense Impairment
Existing Technique,T1578.002,T1578.002,attack-pattern--cf1c2504-433f-4c4e-a1f8-91de45a0318c,attack-pattern--cf1c2504-433f-4c4e-a1f8-91de45a0318c,Modify Cloud Compute Infrastructure: Create Cloud Instance,Modify Cloud Compute Infrastructure: Create Cloud Instance,T1578,defense-evasion,defense-impairment,,Remains sub-technique,Moved to new tactic Defense Impairment
Existing Technique,T1578.001,T1578.001,attack-pattern--ed2e45f9-d338-4eb2-8ce5-3a2e03323bc1,attack-pattern--ed2e45f9-d338-4eb2-8ce5-3a2e03323bc1,Modify Cloud Compute Infrastructure: Create Snapshot,Modify Cloud Compute Infrastructure: Create Snapshot,T1578,defense-evasion,defense-impairment,,Remains sub-technique,Moved to new tactic Defense Impairment
Existing Technique,T1578.003,T1578.003,attack-pattern--70857657-bd0b-4695-ad3e-b13f92cac1b4,attack-pattern--70857657-bd0b-4695-ad3e-b13f92cac1b4,Modify Cloud Compute Infrastructure: Delete Cloud Instance,Modify Cloud Compute Infrastructure: Delete Cloud Instance,T1578,defense-evasion,defense-impairment,,Remains sub-technique,Moved to new tactic Defense Impairment
Existing Technique,T1578.005,T1578.005,attack-pattern--ca00366b-83a1-4c7b-a0ce-8ff950a7c87f,attack-pattern--ca00366b-83a1-4c7b-a0ce-8ff950a7c87f,Modify Cloud Compute Infrastructure: Modify Cloud Compute Configurations,Modify Cloud Compute Infrastructure: Modify Cloud Compute Configurations,T1578,defense-evasion,defense-impairment,,Remains sub-technique,Moved to new tactic Defense Impairment
Existing Technique,T1578.004,T1578.004,attack-pattern--0708ae90-d0eb-4938-9a76-d0fc94f6eec1,attack-pattern--0708ae90-d0eb-4938-9a76-d0fc94f6eec1,Modify Cloud Compute Infrastructure: Revert Cloud Instance,Modify Cloud Compute Infrastructure: Revert Cloud Instance,T1578,defense-evasion,defense-impairment,,Remains sub-technique,Moved to new tactic Defense Impairment
Existing Technique,T1666,T1666,attack-pattern--0ce73446-8722-4086-9d43-514f1d0f669e,attack-pattern--0ce73446-8722-4086-9d43-514f1d0f669e,Modify Cloud Resource Hierarchy,Modify Cloud Resource Hierarchy,,defense-evasion,defense-impairment,,Remains technique,Moved to new tactic Defense Impairment
Existing Technique,T1112,T1112,attack-pattern--57340c81-c025-4189-8fa0-fc7ede51bae4,attack-pattern--57340c81-c025-4189-8fa0-fc7ede51bae4,Modify Registry,Modify Registry,,defense-evasion;persistence,defense-impairment;persistence,,Remains technique,"Moved to new tactic Defense Impairment, and Remains in Additional Tactic(s)"
Existing Technique,T1601,T1601,attack-pattern--ae7f3575-0a5e-427e-991b-fe03ad44c754,attack-pattern--ae7f3575-0a5e-427e-991b-fe03ad44c754,Modify System Image,Modify System Image,,defense-evasion,defense-impairment,,Remains technique,Moved to new tactic Defense Impairment
Existing Technique,T1601.002,T1601.002,attack-pattern--fc74ba38-dc98-461f-8611-b3dbf9978e3d,attack-pattern--fc74ba38-dc98-461f-8611-b3dbf9978e3d,Modify System Image: Downgrade System Image,Modify System Image: Downgrade System Image,T1601,defense-evasion,defense-impairment,,Remains sub-technique,Moved to new tactic Defense Impairment
Existing Technique,T1601.001,T1601.001,attack-pattern--d245808a-7086-4310-984a-a84aaaa43f8f,attack-pattern--d245808a-7086-4310-984a-a84aaaa43f8f,Modify System Image: Patch System Image,Modify System Image: Patch System Image,T1601,defense-evasion,defense-impairment,,Remains sub-technique,Moved to new tactic Defense Impairment
Existing Technique,T1599,T1599,attack-pattern--b8017880-4b1e-42de-ad10-ae7ac6705166,attack-pattern--b8017880-4b1e-42de-ad10-ae7ac6705166,Network Boundary Bridging,Network Boundary Bridging,,defense-evasion,defense-impairment,,Remains technique,Moved to new tactic Defense Impairment
Existing Technique,T1599.001,T1599.001,attack-pattern--4ffc1794-ec3b-45be-9e52-42dbcb2af2de,attack-pattern--4ffc1794-ec3b-45be-9e52-42dbcb2af2de,Network Boundary Bridging: Network Address Translation Traversal,Network Boundary Bridging: Network Address Translation Traversal,T1599,defense-evasion,defense-impairment,,Remains sub-technique,Moved to new tactic Defense Impairment
Existing Technique,T1027,T1027,attack-pattern--b3d682b6-98f2-4fb0-aa3b-b4df007ca70a,attack-pattern--b3d682b6-98f2-4fb0-aa3b-b4df007ca70a,Obfuscated Files or Information,Obfuscated Files or Information,,defense-evasion,stealth,,Remains technique,Remains TA0005 -> renamed Stealth
Existing Technique,T1027.002,T1027.002,attack-pattern--deb98323-e13f-4b0c-8d94-175379069062,attack-pattern--deb98323-e13f-4b0c-8d94-175379069062,Obfuscated Files or Information: Software Packing,Obfuscated Files or Information: Software Packing,T1027,defense-evasion,stealth,,Remains sub-technique,Remains TA0005 -> renamed Stealth
Existing Technique,T1027.001,T1027.001,attack-pattern--5bfccc3f-2326-4112-86cc-c1ece9d8a2b5,attack-pattern--5bfccc3f-2326-4112-86cc-c1ece9d8a2b5,Obfuscated Files or Information: Binary Padding,Obfuscated Files or Information: Binary Padding,T1027,defense-evasion,stealth,,Remains sub-technique,Remains TA0005 -> renamed Stealth
Existing Technique,T1027.010,T1027.010,attack-pattern--d511a6f6-4a33-41d5-bc95-c343875d1377,attack-pattern--d511a6f6-4a33-41d5-bc95-c343875d1377,Obfuscated Files or Information: Command Obfuscation,Obfuscated Files or Information: Command Obfuscation,T1027,defense-evasion,stealth,,Remains sub-technique,Remains TA0005 -> renamed Stealth
Existing Technique,T1027.004,T1027.004,attack-pattern--c726e0a2-a57a-4b7b-a973-d0f013246617,attack-pattern--c726e0a2-a57a-4b7b-a973-d0f013246617,Obfuscated Files or Information: Compile After Delivery,Obfuscated Files or Information: Compile After Delivery,T1027,defense-evasion,stealth,,Remains sub-technique,Remains TA0005 -> renamed Stealth
Existing Technique,T1027.015,T1027.015,attack-pattern--fbd91bfc-75c2-4f0c-8116-3b4e722906b3,attack-pattern--fbd91bfc-75c2-4f0c-8116-3b4e722906b3,Obfuscated Files or Information: Compression,Obfuscated Files or Information: Compression,T1027,defense-evasion,stealth,,Remains sub-technique,Remains TA0005 -> renamed Stealth
Existing Technique,T1027.007,T1027.007,attack-pattern--ea4c2f9c-9df1-477c-8c42-6da1118f2ac4,attack-pattern--ea4c2f9c-9df1-477c-8c42-6da1118f2ac4,Obfuscated Files or Information: Dynamic API Resolution,Obfuscated Files or Information: Dynamic API Resolution,T1027,defense-evasion,stealth,,Remains sub-technique,Remains TA0005 -> renamed Stealth
Existing Technique,T1027.009,T1027.009,attack-pattern--0533ab23-3f7d-463f-9bd8-634d27e4dee1,attack-pattern--0533ab23-3f7d-463f-9bd8-634d27e4dee1,Obfuscated Files or Information: Embedded Payloads,Obfuscated Files or Information: Embedded Payloads,T1027,defense-evasion,stealth,,Remains sub-technique,Remains TA0005 -> renamed Stealth
Existing Technique,T1027.013,T1027.013,attack-pattern--0d91b3c0-5e50-47c3-949a-2a796f04d144,attack-pattern--0d91b3c0-5e50-47c3-949a-2a796f04d144,Obfuscated Files or Information: Encrypted/Encoded File,Obfuscated Files or Information: Encrypted/Encoded File,T1027,defense-evasion,stealth,,Remains sub-technique,Remains TA0005 -> renamed Stealth
Existing Technique,T1027.011,T1027.011,attack-pattern--02c5abff-30bf-4703-ab92-1f6072fae939,attack-pattern--02c5abff-30bf-4703-ab92-1f6072fae939,Obfuscated Files or Information: Fileless Storage,Obfuscated Files or Information: Fileless Storage,T1027,defense-evasion,stealth,,Remains sub-technique,Remains TA0005 -> renamed Stealth
Existing Technique,T1027.006,T1027.006,attack-pattern--d4dc46e3-5ba5-45b9-8204-010867cacfcb,attack-pattern--d4dc46e3-5ba5-45b9-8204-010867cacfcb,Obfuscated Files or Information: HTML Smuggling,Obfuscated Files or Information: HTML Smuggling,T1027,defense-evasion,stealth,,Remains sub-technique,Remains TA0005 -> renamed Stealth
Existing Technique,T1027.005,T1027.005,attack-pattern--b0533c6e-8fea-4788-874f-b799cacc4b92,attack-pattern--b0533c6e-8fea-4788-874f-b799cacc4b92,Obfuscated Files or Information: Indicator Removal from Tools,Obfuscated Files or Information: Indicator Removal from Tools,T1027,defense-evasion,stealth,,Remains sub-technique,Remains TA0005 -> renamed Stealth
Existing Technique,T1027.016,T1027.016,attack-pattern--671cd17f-a765-48fd-adc4-dad1941b1ae3,attack-pattern--671cd17f-a765-48fd-adc4-dad1941b1ae3,Obfuscated Files or Information: Junk Code Insertion,Obfuscated Files or Information: Junk Code Insertion,T1027,defense-evasion,stealth,,Remains sub-technique,Remains TA0005 -> renamed Stealth
Existing Technique,T1027.012,T1027.012,attack-pattern--887274fc-2d63-4bdc-82f3-fae56d1d5fdc,attack-pattern--887274fc-2d63-4bdc-82f3-fae56d1d5fdc,Obfuscated Files or Information: LNK Icon Smuggling,Obfuscated Files or Information: LNK Icon Smuggling,T1027,defense-evasion,stealth,,Remains sub-technique,Remains TA0005 -> renamed Stealth
Existing Technique,T1027.014,T1027.014,attack-pattern--b577dfc1-0177-4522-8d5a-782127c8592b,attack-pattern--b577dfc1-0177-4522-8d5a-782127c8592b,Obfuscated Files or Information: Polymorphic Code,Obfuscated Files or Information: Polymorphic Code,T1027,defense-evasion,stealth,,Remains sub-technique,Remains TA0005 -> renamed Stealth
Existing Technique,T1027.003,T1027.003,attack-pattern--c2e147a9-d1a8-4074-811a-d8789202d916,attack-pattern--c2e147a9-d1a8-4074-811a-d8789202d916,Obfuscated Files or Information: Steganography,Obfuscated Files or Information: Steganography,T1027,defense-evasion,stealth,,Remains sub-technique,Remains TA0005 -> renamed Stealth
Existing Technique,T1027.008,T1027.008,attack-pattern--2f41939b-54c3-41d6-8f8b-35f1ec18ed97,attack-pattern--2f41939b-54c3-41d6-8f8b-35f1ec18ed97,Obfuscated Files or Information: Stripped Payloads,Obfuscated Files or Information: Stripped Payloads,T1027,defense-evasion,stealth,,Remains sub-technique,Remains TA0005 -> renamed Stealth
Existing Technique,T1027.017,T1027.017,attack-pattern--78b9e70d-1605-459c-b23d-e3a25036968c,attack-pattern--78b9e70d-1605-459c-b23d-e3a25036968c,Obfuscated Files or Information: SVG Smuggling,Obfuscated Files or Information: SVG Smuggling,T1027,defense-evasion,stealth,,Remains sub-technique,Remains TA0005 -> renamed Stealth
Existing Technique,T1647,T1647,attack-pattern--7d20fff9-8751-404e-badd-ccd71bda0236,attack-pattern--7d20fff9-8751-404e-badd-ccd71bda0236,Plist File Modification,Plist File Modification,,defense-evasion,defense-impairment,,Remains technique,Moved to new tactic Defense Impairment
Existing Technique,T1542,T1542,attack-pattern--7f0ca133-88c4-40c6-a62f-b3083a7fbc2e,attack-pattern--7f0ca133-88c4-40c6-a62f-b3083a7fbc2e,Pre-OS Boot,Pre-OS Boot,,defense-evasion;persistence,stealth;persistence,,Remains technique,"Remains TA0005 -> renamed Stealth, and Remains in Additional Tactic(s)"
Existing Technique,T1542.003,T1542.003,attack-pattern--1b7b1806-7746-41a1-a35d-e48dae25ddba,attack-pattern--1b7b1806-7746-41a1-a35d-e48dae25ddba,Pre-OS Boot: Bootkit,Pre-OS Boot: Bootkit,T1542,defense-evasion;persistence,stealth;persistence,,Remains sub-technique,"Remains TA0005 -> renamed Stealth, and Remains in Additional Tactic(s)"
Existing Technique,T1542.002,T1542.002,attack-pattern--791481f8-e96a-41be-b089-a088763083d4,attack-pattern--791481f8-e96a-41be-b089-a088763083d4,Pre-OS Boot: Component Firmware,Pre-OS Boot: Component Firmware,T1542,defense-evasion;persistence,stealth;persistence,,Remains sub-technique,"Remains TA0005 -> renamed Stealth, and Remains in Additional Tactic(s)"
Existing Technique,T1542.004,T1542.004,attack-pattern--a6557c75-798f-42e4-be70-ab4502e0a3bc,attack-pattern--a6557c75-798f-42e4-be70-ab4502e0a3bc,Pre-OS Boot: ROMMONkit,Pre-OS Boot: ROMMONkit,T1542,defense-evasion;persistence,stealth;persistence,,Remains sub-technique,"Remains TA0005 -> renamed Stealth, and Remains in Additional Tactic(s)"
Existing Technique,T1542.001,T1542.001,attack-pattern--16ab6452-c3c1-497c-a47d-206018ca1ada,attack-pattern--16ab6452-c3c1-497c-a47d-206018ca1ada,Pre-OS Boot: System Firmware,Pre-OS Boot: System Firmware,T1542,defense-evasion;persistence,stealth;persistence,,Remains sub-technique,"Remains TA0005 -> renamed Stealth, and Remains in Additional Tactic(s)"
Existing Technique,T1542.005,T1542.005,attack-pattern--28abec6c-4443-4b03-8206-07f2e264a6b4,attack-pattern--28abec6c-4443-4b03-8206-07f2e264a6b4,Pre-OS Boot: TFTP Boot,Pre-OS Boot: TFTP Boot,T1542,defense-evasion;persistence,stealth;persistence,,Remains sub-technique,"Remains TA0005 -> renamed Stealth, and Remains in Additional Tactic(s)"
Existing Technique,T1055,T1055,attack-pattern--43e7dc91-05b2-474c-b9ac-2ed4fe101f4d,attack-pattern--43e7dc91-05b2-474c-b9ac-2ed4fe101f4d,Process Injection,Process Injection,,defense-evasion;privilege-escalation,stealth;privilege-escalation,,Remains technique,"Remains TA0005 -> renamed Stealth, and Remains in Additional Tactic(s)"
Existing Technique,T1055.004,T1055.004,attack-pattern--7c0f17c9-1af6-4628-9cbd-9e45482dd605,attack-pattern--7c0f17c9-1af6-4628-9cbd-9e45482dd605,Process Injection: Asynchronous Procedure Call,Process Injection: Asynchronous Procedure Call,T1055,defense-evasion;privilege-escalation,stealth;privilege-escalation,,Remains sub-technique,"Remains TA0005 -> renamed Stealth, and Remains in Additional Tactic(s)"
Existing Technique,T1055.001,T1055.001,attack-pattern--f4599aa0-4f85-4a32-80ea-fc39dc965945,attack-pattern--f4599aa0-4f85-4a32-80ea-fc39dc965945,Process Injection: Dynamic-link Library Injection,Process Injection: Dynamic-link Library Injection,T1055,defense-evasion;privilege-escalation,stealth;privilege-escalation,,Remains sub-technique,"Remains TA0005 -> renamed Stealth, and Remains in Additional Tactic(s)"
Existing Technique,T1055.011,T1055.011,attack-pattern--0042a9f5-f053-4769-b3ef-9ad018dfa298,attack-pattern--0042a9f5-f053-4769-b3ef-9ad018dfa298,Process Injection: Extra Window Memory Injection,Process Injection: Extra Window Memory Injection,T1055,defense-evasion;privilege-escalation,stealth;privilege-escalation,,Remains sub-technique,"Remains TA0005 -> renamed Stealth, and Remains in Additional Tactic(s)"
Existing Technique,T1055.015,T1055.015,attack-pattern--eb2cb5cb-ae87-4de0-8c35-da2a17aafb99,attack-pattern--eb2cb5cb-ae87-4de0-8c35-da2a17aafb99,Process Injection: ListPlanting,Process Injection: ListPlanting,T1055,defense-evasion;privilege-escalation,stealth;privilege-escalation,,Remains sub-technique,"Remains TA0005 -> renamed Stealth, and Remains in Additional Tactic(s)"
Existing Technique,T1055.002,T1055.002,attack-pattern--806a49c4-970d-43f9-9acc-ac0ee11e6662,attack-pattern--806a49c4-970d-43f9-9acc-ac0ee11e6662,Process Injection: Portable Executable Injection,Process Injection: Portable Executable Injection,T1055,defense-evasion;privilege-escalation,stealth;privilege-escalation,,Remains sub-technique,"Remains TA0005 -> renamed Stealth, and Remains in Additional Tactic(s)"
Existing Technique,T1055.009,T1055.009,attack-pattern--d201d4cc-214d-4a74-a1ba-b3fa09fd4591,attack-pattern--d201d4cc-214d-4a74-a1ba-b3fa09fd4591,Process Injection: Proc Memory,Process Injection: Proc Memory,T1055,defense-evasion;privilege-escalation,stealth;privilege-escalation,,Remains sub-technique,"Remains TA0005 -> renamed Stealth, and Remains in Additional Tactic(s)"
Existing Technique,T1055.013,T1055.013,attack-pattern--7007935a-a8a7-4c0b-bd98-4e85be8ed197,attack-pattern--7007935a-a8a7-4c0b-bd98-4e85be8ed197,Process Injection: Process Doppelgänging,Process Injection: Process Doppelgänging,T1055,defense-evasion;privilege-escalation,stealth;privilege-escalation,,Remains sub-technique,"Remains TA0005 -> renamed Stealth, and Remains in Additional Tactic(s)"
Existing Technique,T1055.012,T1055.012,attack-pattern--b200542e-e877-4395-875b-cf1a44537ca4,attack-pattern--b200542e-e877-4395-875b-cf1a44537ca4,Process Injection: Process Hollowing,Process Injection: Process Hollowing,T1055,defense-evasion;privilege-escalation,stealth;privilege-escalation,,Remains sub-technique,"Remains TA0005 -> renamed Stealth, and Remains in Additional Tactic(s)"
Existing Technique,T1055.008,T1055.008,attack-pattern--ea016b56-ae0e-47fe-967a-cc0ad51af67f,attack-pattern--ea016b56-ae0e-47fe-967a-cc0ad51af67f,Process Injection: Ptrace System Calls,Process Injection: Ptrace System Calls,T1055,defense-evasion;privilege-escalation,stealth;privilege-escalation,,Remains sub-technique,"Remains TA0005 -> renamed Stealth, and Remains in Additional Tactic(s)"
Existing Technique,T1055.003,T1055.003,attack-pattern--41d9846c-f6af-4302-a654-24bba2729bc6,attack-pattern--41d9846c-f6af-4302-a654-24bba2729bc6,Process Injection: Thread Execution Hijacking,Process Injection: Thread Execution Hijacking,T1055,defense-evasion;privilege-escalation,stealth;privilege-escalation,,Remains sub-technique,"Remains TA0005 -> renamed Stealth, and Remains in Additional Tactic(s)"
Existing Technique,T1055.005,T1055.005,attack-pattern--e49ee9d2-0d98-44ef-85e5-5d3100065744,attack-pattern--e49ee9d2-0d98-44ef-85e5-5d3100065744,Process Injection: Thread Local Storage,Process Injection: Thread Local Storage,T1055,defense-evasion;privilege-escalation,stealth;privilege-escalation,,Remains sub-technique,"Remains TA0005 -> renamed Stealth, and Remains in Additional Tactic(s)"
Existing Technique,T1055.014,T1055.014,attack-pattern--98be40f2-c86b-4ade-b6fc-4964932040e5,attack-pattern--98be40f2-c86b-4ade-b6fc-4964932040e5,Process Injection: VDSO Hijacking,Process Injection: VDSO Hijacking,T1055,defense-evasion;privilege-escalation,stealth;privilege-escalation,,Remains sub-technique,"Remains TA0005 -> renamed Stealth, and Remains in Additional Tactic(s)"
Existing Technique,T1620,T1620,attack-pattern--4933e63b-9b77-476e-ab29-761bc5b7d15a,attack-pattern--4933e63b-9b77-476e-ab29-761bc5b7d15a,Reflective Code Loading,Reflective Code Loading,,defense-evasion,stealth,,Remains technique,Remains TA0005 -> renamed Stealth
Existing Technique,T1207,T1207,attack-pattern--564998d8-ab3e-4123-93fb-eccaa6b9714a,attack-pattern--564998d8-ab3e-4123-93fb-eccaa6b9714a,Rogue Domain Controller,Rogue Domain Controller,,defense-evasion,defense-impairment,,Remains technique,Moved to new tactic Defense Impairment
Existing Technique,T1014,T1014,attack-pattern--0f20e3cb-245b-4a61-8a91-2d93f7cb0e9b,attack-pattern--0f20e3cb-245b-4a61-8a91-2d93f7cb0e9b,Rootkit,Rootkit,,defense-evasion,stealth,,Remains technique,Remains TA0005 -> renamed Stealth
Existing Technique,T1679,T1679,attack-pattern--9b00925a-7c4b-4e53-bfc8-9a6a806fde03,attack-pattern--9b00925a-7c4b-4e53-bfc8-9a6a806fde03,Selective Exclusion,Selective Exclusion,,defense-evasion,stealth,,Remains technique,Remains TA0005 -> renamed Stealth
Existing Technique,T1553,T1553,attack-pattern--b83e166d-13d7-4b52-8677-dff90c548fd7,attack-pattern--b83e166d-13d7-4b52-8677-dff90c548fd7,Subvert Trust Controls,Subvert Trust Controls,,defense-evasion,defense-impairment,,Remains technique,Moved to new tactic Defense Impairment
Existing Technique,T1553.002,T1553.002,attack-pattern--32901740-b42c-4fdd-bc02-345b5dc57082,attack-pattern--32901740-b42c-4fdd-bc02-345b5dc57082,Subvert Trust Controls: Code Signing,Subvert Trust Controls: Code Signing,T1553,defense-evasion,defense-impairment,,Remains sub-technique,Moved to new tactic Defense Impairment
Existing Technique,T1553.006,T1553.006,attack-pattern--565275d5-fcc3-4b66-b4e7-928e4cac6b8c,attack-pattern--565275d5-fcc3-4b66-b4e7-928e4cac6b8c,Subvert Trust Controls: Code Signing Policy Modification,Subvert Trust Controls: Code Signing Policy Modification,T1553,defense-evasion,defense-impairment,,Remains sub-technique,Moved to new tactic Defense Impairment
Existing Technique,T1553.001,T1553.001,attack-pattern--31a0a2ac-c67c-4a7e-b9ed-6a96477d4e8e,attack-pattern--31a0a2ac-c67c-4a7e-b9ed-6a96477d4e8e,Subvert Trust Controls: Gatekeeper Bypass,Subvert Trust Controls: Gatekeeper Bypass,T1553,defense-evasion,defense-impairment,,Remains sub-technique,Moved to new tactic Defense Impairment
Existing Technique,T1553.004,T1553.004,attack-pattern--c615231b-f253-4f58-9d47-d5b4cbdb6839,attack-pattern--c615231b-f253-4f58-9d47-d5b4cbdb6839,Subvert Trust Controls: Install Root Certificate,Subvert Trust Controls: Install Root Certificate,T1553,defense-evasion,defense-impairment,,Remains sub-technique,Moved to new tactic Defense Impairment
Existing Technique,T1553.005,T1553.005,attack-pattern--7e7c2fba-7cca-486c-9582-4c1bb2851961,attack-pattern--7e7c2fba-7cca-486c-9582-4c1bb2851961,Subvert Trust Controls: Mark-of-the-Web Bypass,Subvert Trust Controls: Mark-of-the-Web Bypass,T1553,defense-evasion,defense-impairment,,Remains sub-technique,Moved to new tactic Defense Impairment
Existing Technique,T1553.003,T1553.003,attack-pattern--543fceb5-cb92-40cb-aacf-6913d4db58bc,attack-pattern--543fceb5-cb92-40cb-aacf-6913d4db58bc,Subvert Trust Controls: SIP and Trust Provider Hijacking,Subvert Trust Controls: SIP and Trust Provider Hijacking,T1553,defense-evasion,defense-impairment,,Remains sub-technique,Moved to new tactic Defense Impairment
Existing Technique,T1218,T1218,attack-pattern--457c7820-d331-465a-915e-42f85500ccc4,attack-pattern--457c7820-d331-465a-915e-42f85500ccc4,System Binary Proxy Execution,System Binary Proxy Execution,,defense-evasion,stealth,,Remains technique,Remains TA0005 -> renamed Stealth
Existing Technique,T1218.003,T1218.003,attack-pattern--4cbc6a62-9e34-4f94-8a19-5c1a11392a49,attack-pattern--4cbc6a62-9e34-4f94-8a19-5c1a11392a49,System Binary Proxy Execution: CMSTP,System Binary Proxy Execution: CMSTP,T1218,defense-evasion,stealth,,Remains sub-technique,Remains TA0005 -> renamed Stealth
Existing Technique,T1218.001,T1218.001,attack-pattern--a6937325-9321-4e2e-bb2b-3ed2d40b2a9d,attack-pattern--a6937325-9321-4e2e-bb2b-3ed2d40b2a9d,System Binary Proxy Execution: Compiled HTML File,System Binary Proxy Execution: Compiled HTML File,T1218,defense-evasion,stealth,,Remains sub-technique,Remains TA0005 -> renamed Stealth
Existing Technique,T1218.002,T1218.002,attack-pattern--4ff5d6a8-c062-4c68-a778-36fc5edd564f,attack-pattern--4ff5d6a8-c062-4c68-a778-36fc5edd564f,System Binary Proxy Execution: Control Panel,System Binary Proxy Execution: Control Panel,T1218,defense-evasion,stealth,,Remains sub-technique,Remains TA0005 -> renamed Stealth
Existing Technique,T1218.015,T1218.015,attack-pattern--561ae9aa-c28a-4144-9eec-e7027a14c8c3,attack-pattern--561ae9aa-c28a-4144-9eec-e7027a14c8c3,System Binary Proxy Execution: Electron Applications,System Binary Proxy Execution: Electron Applications,T1218,defense-evasion,stealth,,Remains sub-technique,Remains TA0005 -> renamed Stealth
Existing Technique,T1218.004,T1218.004,attack-pattern--2cd950a6-16c4-404a-aa01-044322395107,attack-pattern--2cd950a6-16c4-404a-aa01-044322395107,System Binary Proxy Execution: InstallUtil,System Binary Proxy Execution: InstallUtil,T1218,defense-evasion,stealth,,Remains sub-technique,Remains TA0005 -> renamed Stealth
Existing Technique,T1218.013,T1218.013,attack-pattern--1bae753e-8e52-4055-a66d-2ead90303ca9,attack-pattern--1bae753e-8e52-4055-a66d-2ead90303ca9,System Binary Proxy Execution: Mavinject,System Binary Proxy Execution: Mavinject,T1218,defense-evasion,stealth,,Remains sub-technique,Remains TA0005 -> renamed Stealth
Existing Technique,T1218.014,T1218.014,attack-pattern--ffbcfdb0-de22-4106-9ed3-fc23c8a01407,attack-pattern--ffbcfdb0-de22-4106-9ed3-fc23c8a01407,System Binary Proxy Execution: MMC,System Binary Proxy Execution: MMC,T1218,defense-evasion,stealth,,Remains sub-technique,Remains TA0005 -> renamed Stealth
Existing Technique,T1218.005,T1218.005,attack-pattern--840a987a-99bd-4a80-a5c9-0cb2baa6cade,attack-pattern--840a987a-99bd-4a80-a5c9-0cb2baa6cade,System Binary Proxy Execution: Mshta,System Binary Proxy Execution: Mshta,T1218,defense-evasion,stealth,,Remains sub-technique,Remains TA0005 -> renamed Stealth
Existing Technique,T1218.007,T1218.007,attack-pattern--365be77f-fc0e-42ee-bac8-4faf806d9336,attack-pattern--365be77f-fc0e-42ee-bac8-4faf806d9336,System Binary Proxy Execution: Msiexec,System Binary Proxy Execution: Msiexec,T1218,defense-evasion,stealth,,Remains sub-technique,Remains TA0005 -> renamed Stealth
Existing Technique,T1218.008,T1218.008,attack-pattern--6e3bd510-6b33-41a4-af80-2d80f3ee0071,attack-pattern--6e3bd510-6b33-41a4-af80-2d80f3ee0071,System Binary Proxy Execution: Odbcconf,System Binary Proxy Execution: Odbcconf,T1218,defense-evasion,stealth,,Remains sub-technique,Remains TA0005 -> renamed Stealth
Existing Technique,T1218.009,T1218.009,attack-pattern--c48a67ee-b657-45c1-91bf-6cdbe27205f8,attack-pattern--c48a67ee-b657-45c1-91bf-6cdbe27205f8,System Binary Proxy Execution: Regsvcs/Regasm,System Binary Proxy Execution: Regsvcs/Regasm,T1218,defense-evasion,stealth,,Remains sub-technique,Remains TA0005 -> renamed Stealth
Existing Technique,T1218.010,T1218.010,attack-pattern--b97f1d35-4249-4486-a6b5-ee60ccf24fab,attack-pattern--b97f1d35-4249-4486-a6b5-ee60ccf24fab,System Binary Proxy Execution: Regsvr32,System Binary Proxy Execution: Regsvr32,T1218,defense-evasion,stealth,,Remains sub-technique,Remains TA0005 -> renamed Stealth
Existing Technique,T1218.011,T1218.011,attack-pattern--045d0922-2310-4e60-b5e4-3302302cb3c5,attack-pattern--045d0922-2310-4e60-b5e4-3302302cb3c5,System Binary Proxy Execution: Rundll32,System Binary Proxy Execution: Rundll32,T1218,defense-evasion,stealth,,Remains sub-technique,Remains TA0005 -> renamed Stealth
Existing Technique,T1218.012,T1218.012,attack-pattern--808e6329-ca91-4b87-ac2d-8eadc5f8f327,attack-pattern--808e6329-ca91-4b87-ac2d-8eadc5f8f327,System Binary Proxy Execution: Verclsid,System Binary Proxy Execution: Verclsid,T1218,defense-evasion,stealth,,Remains sub-technique,Remains TA0005 -> renamed Stealth
Existing Technique,T1216,T1216,attack-pattern--f6fe9070-7a65-49ea-ae72-76292f42cebe,attack-pattern--f6fe9070-7a65-49ea-ae72-76292f42cebe,System Script Proxy Execution,System Script Proxy Execution,,defense-evasion,stealth,,Remains sub-technique,Remains TA0005 -> renamed Stealth
Existing Technique,T1216.001,T1216.001,attack-pattern--09cd431f-eaf4-4d2a-acaf-2a7acfe7ed58,attack-pattern--09cd431f-eaf4-4d2a-acaf-2a7acfe7ed58,System Script Proxy Execution: PubPrn,System Script Proxy Execution: PubPrn,T1216,defense-evasion,stealth,,Remains sub-technique,Remains TA0005 -> renamed Stealth
Existing Technique,T1216.002,T1216.002,attack-pattern--e6f19759-dde3-47fc-99cc-d9f5fa4ade60,attack-pattern--e6f19759-dde3-47fc-99cc-d9f5fa4ade60,System Script Proxy Execution: SyncAppvPublishingServer,System Script Proxy Execution: SyncAppvPublishingServer,T1216,defense-evasion,stealth,,Remains sub-technique,Remains TA0005 -> renamed Stealth
Existing Technique,T1221,T1221,attack-pattern--dc31fe1e-d722-49da-8f5f-92c7b5aff534,attack-pattern--dc31fe1e-d722-49da-8f5f-92c7b5aff534,Template Injection,Template Injection,,defense-evasion,stealth,,Remains technique,Remains TA0005 -> renamed Stealth
Existing Technique,T1205,T1205,attack-pattern--451a9977-d255-43c9-b431-66de80130c8c,attack-pattern--451a9977-d255-43c9-b431-66de80130c8c,Traffic Signaling,Traffic Signaling,,command-and-control;defense-evasion;persistence,stealth;command-and-control;persistence,,Remains technique,"Remains TA0005 -> renamed Stealth, and Remains in Additional Tactic(s)"
Existing Technique,T1205.001,T1205.001,attack-pattern--8868cb5b-d575-4a60-acb2-07d37389a2fd,attack-pattern--8868cb5b-d575-4a60-acb2-07d37389a2fd,Traffic Signaling: Port Knocking,Traffic Signaling: Port Knocking,T1205,command-and-control;defense-evasion;persistence,stealth;command-and-control;persistence,,Remains sub-technique,"Remains TA0005 -> renamed Stealth, and Remains in Additional Tactic(s)"
Existing Technique,T1205.002,T1205.002,attack-pattern--005cc321-08ce-4d17-b1ea-cb5275926520,attack-pattern--005cc321-08ce-4d17-b1ea-cb5275926520,Traffic Signaling: Socket Filters,Traffic Signaling: Socket Filters,T1205,command-and-control;defense-evasion;persistence,stealth;command-and-control;persistence,,Remains sub-technique,"Remains TA0005 -> renamed Stealth, and Remains in Additional Tactic(s)"
Existing Technique,T1127,T1127,attack-pattern--ff25900d-76d5-449b-a351-8824e62fc81b,attack-pattern--ff25900d-76d5-449b-a351-8824e62fc81b,Trusted Developer Utilities Proxy Execution,Trusted Developer Utilities Proxy Execution,,defense-evasion,stealth;execution,,Remains technique,"Remains TA0005 -> renamed Stealth, and Remains in Additional Tactic(s)"
Existing Technique,T1127.002,T1127.002,attack-pattern--cc279e50-df85-4c8e-be80-6dc2eda8849c,attack-pattern--cc279e50-df85-4c8e-be80-6dc2eda8849c,Trusted Developer Utilities Proxy Execution: ClickOnce,Trusted Developer Utilities Proxy Execution: ClickOnce,T1127,defense-evasion,stealth;execution,,Remains sub-technique,"Remains TA0005 -> renamed Stealth, and Remains in Additional Tactic(s)"
Existing Technique,T1127.003,T1127.003,attack-pattern--7d356151-a69d-404e-896b-71618952702a,attack-pattern--7d356151-a69d-404e-896b-71618952702a,Trusted Developer Utilities Proxy Execution: JamPlus,Trusted Developer Utilities Proxy Execution: JamPlus,T1127,defense-evasion,stealth;execution,,Remains sub-technique,"Remains TA0005 -> renamed Stealth, and Remains in Additional Tactic(s)"
Existing Technique,T1127.001,T1127.001,attack-pattern--c92e3d68-2349-49e4-a341-7edca2deff96,attack-pattern--c92e3d68-2349-49e4-a341-7edca2deff96,Trusted Developer Utilities Proxy Execution: MSBuild,Trusted Developer Utilities Proxy Execution: MSBuild,T1127,defense-evasion,stealth;execution,,Remains sub-technique,"Remains TA0005 -> renamed Stealth, and Remains in Additional Tactic(s)"
Existing Technique,T1535,T1535,attack-pattern--59bd0dec-f8b2-4b9a-9141-37a1e6899761,attack-pattern--59bd0dec-f8b2-4b9a-9141-37a1e6899761,Unused/Unsupported Cloud Regions,Unused/Unsupported Cloud Regions,,defense-evasion,stealth,,Remains technique,Remains TA0005 -> renamed Stealth
Existing Technique,T1550,T1550,attack-pattern--51a14c76-dd3b-440b-9c20-2bf91d25a814,attack-pattern--51a14c76-dd3b-440b-9c20-2bf91d25a814,Use Alternate Authentication Material,Use Alternate Authentication Material,,defense-evasion;lateral-movement,lateral-movement,,Remains technique,Left Defense Evasion
Existing Technique,T1550.001,T1550.001,attack-pattern--f005e783-57d4-4837-88ad-dbe7faee1c51,attack-pattern--f005e783-57d4-4837-88ad-dbe7faee1c51,Use Alternate Authentication Material: Application Access Token,Use Alternate Authentication Material: Application Access Token,T1550,defense-evasion;lateral-movement,lateral-movement,,Remains sub-technique,Left Defense Evasion
Existing Technique,T1550.002,T1550.002,attack-pattern--e624264c-033a-424d-9fd7-fc9c3bbdb03e,attack-pattern--e624264c-033a-424d-9fd7-fc9c3bbdb03e,Use Alternate Authentication Material: Pass the Hash,Use Alternate Authentication Material: Pass the Hash,T1550,defense-evasion;lateral-movement,lateral-movement,,Remains sub-technique,Left Defense Evasion
Existing Technique,T1550.003,T1550.003,attack-pattern--7b211ac6-c815-4189-93a9-ab415deca926,attack-pattern--7b211ac6-c815-4189-93a9-ab415deca926,Use Alternate Authentication Material: Pass the Ticket,Use Alternate Authentication Material: Pass the Ticket,T1550,defense-evasion;lateral-movement,lateral-movement,,Remains sub-technique,Left Defense Evasion
Existing Technique,T1550.004,T1550.004,attack-pattern--c3c8c916-2f3c-4e71-94b2-240bdfc996f0,attack-pattern--c3c8c916-2f3c-4e71-94b2-240bdfc996f0,Use Alternate Authentication Material: Web Session Cookie,Use Alternate Authentication Material: Web Session Cookie,T1550,defense-evasion;lateral-movement,lateral-movement,,Remains sub-technique,Left Defense Evasion
Existing Technique,T1078,T1078,attack-pattern--b17a1a56-e99c-403c-8948-561df0cffe81,attack-pattern--b17a1a56-e99c-403c-8948-561df0cffe81,Valid Accounts,Valid Accounts,,defense-evasion;persistence;privilege-escalation;initial-access,stealth;persistence;privilege-escalation;initial-access,,Remains technique,"Remains TA0005 -> renamed Stealth, and Remains in Additional Tactic(s)"
Existing Technique,T1078.004,T1078.004,attack-pattern--f232fa7a-025c-4d43-abc7-318e81a73d65,attack-pattern--f232fa7a-025c-4d43-abc7-318e81a73d65,Valid Accounts: Cloud Accounts,Valid Accounts: Cloud Accounts,T1078,defense-evasion;persistence;privilege-escalation;initial-access,stealth;persistence;privilege-escalation;initial-access,,Remains sub-technique,"Remains TA0005 -> renamed Stealth, and Remains in Additional Tactic(s)"
Existing Technique,T1078.001,T1078.001,attack-pattern--6151cbea-819b-455a-9fa6-99a1cc58797d,attack-pattern--6151cbea-819b-455a-9fa6-99a1cc58797d,Valid Accounts: Default Accounts,Valid Accounts: Default Accounts,T1078,defense-evasion;persistence;privilege-escalation;initial-access,stealth;persistence;privilege-escalation;initial-access,,Remains sub-technique,"Remains TA0005 -> renamed Stealth, and Remains in Additional Tactic(s)"
Existing Technique,T1078.002,T1078.002,attack-pattern--c3d4bdd9-2cfe-4a80-9d0c-07a29ecdce8f,attack-pattern--c3d4bdd9-2cfe-4a80-9d0c-07a29ecdce8f,Valid Accounts: Domain Accounts,Valid Accounts: Domain Accounts,T1078,defense-evasion;persistence;privilege-escalation;initial-access,stealth;persistence;privilege-escalation;initial-access,,Remains sub-technique,"Remains TA0005 -> renamed Stealth, and Remains in Additional Tactic(s)"
Existing Technique,T1078.003,T1078.003,attack-pattern--fdc47f44-dd32-4b99-af5f-209f556f63c2,attack-pattern--fdc47f44-dd32-4b99-af5f-209f556f63c2,Valid Accounts: Local Accounts,Valid Accounts: Local Accounts,T1078,defense-evasion;persistence;privilege-escalation;initial-access,stealth;persistence;privilege-escalation;initial-access,,Remains sub-technique,"Remains TA0005 -> renamed Stealth, and Remains in Additional Tactic(s)"
Existing Technique,T1497,T1497,attack-pattern--82caa33e-d11a-433a-94ea-9b5a5fbef81d,attack-pattern--82caa33e-d11a-433a-94ea-9b5a5fbef81d,Virtualization/Sandbox Evasion,Virtualization/Sandbox Evasion,,defense-evasion;discovery,stealth;discovery,,Remains technique,"Remains TA0005 -> renamed Stealth, and Remains in Additional Tactic(s)"
Existing Technique,T1497.001,T1497.001,attack-pattern--29be378d-262d-4e99-b00d-852d573628e6,attack-pattern--29be378d-262d-4e99-b00d-852d573628e6,Virtualization/Sandbox Evasion: System Checks,Virtualization/Sandbox Evasion: System Checks,T1497,defense-evasion;discovery,stealth;discovery,,Remains sub-technique,"Remains TA0005 -> renamed Stealth, and Remains in Additional Tactic(s)"
Existing Technique,T1497.003,T1497.003,attack-pattern--4bed873f-0b7d-41d4-b93a-b6905d1f90b0,attack-pattern--4bed873f-0b7d-41d4-b93a-b6905d1f90b0,Virtualization/Sandbox Evasion: Time Based Checks,Virtualization/Sandbox Evasion: Time Based Checks,T1497,defense-evasion;discovery,stealth;discovery,,Remains sub-technique,"Remains TA0005 -> renamed Stealth, and Remains in Additional Tactic(s)"
Existing Technique,T1497.002,T1497.002,attack-pattern--91541e7e-b969-40c6-bbd8-1b5352ec2938,attack-pattern--91541e7e-b969-40c6-bbd8-1b5352ec2938,Virtualization/Sandbox Evasion: User Activity Based Checks,Virtualization/Sandbox Evasion: User Activity Based Checks,T1497,defense-evasion;discovery,stealth;discovery,,Remains sub-technique,"Remains TA0005 -> renamed Stealth, and Remains in Additional Tactic(s)"
Existing Technique,T1600,T1600,attack-pattern--1f9012ef-1e10-4e48-915e-e03563435fe8,attack-pattern--1f9012ef-1e10-4e48-915e-e03563435fe8,Weaken Encryption,Weaken Encryption,,defense-evasion,defense-impairment,,Remains technique,Moved to new tactic Defense Impairment
Existing Technique,T1600.002,T1600.002,attack-pattern--7efba77e-3bc4-4ca5-8292-d8201dcd64b5,attack-pattern--7efba77e-3bc4-4ca5-8292-d8201dcd64b5,Weaken Encryption: Disable Crypto Hardware,Weaken Encryption: Disable Crypto Hardware,T1600,defense-evasion,defense-impairment,,Remains sub-technique,Moved to new tactic Defense Impairment
Existing Technique,T1600.001,T1600.001,attack-pattern--3a40f208-a9c1-4efa-a598-4003c3681fb8,attack-pattern--3a40f208-a9c1-4efa-a598-4003c3681fb8,Weaken Encryption: Reduce Key Space,Weaken Encryption: Reduce Key Space,T1600,defense-evasion,defense-impairment,,Remains sub-technique,Moved to new tactic Defense Impairment
Existing Technique,T1220,T1220,attack-pattern--ebbe170d-aa74-4946-8511-9921243415a3,attack-pattern--ebbe170d-aa74-4946-8511-9921243415a3,XSL Script Processing,XSL Script Processing,,defense-evasion,stealth,,Remains technique,Remains TA0005 -> renamed Stealth
New Technique,,T1686.003,,attack-pattern--291ede6c-1473-454c-b614-5ac5ea63c987,,Disable or Modify System Firewall: Windows Host Firewall,T1686,,defense-impairment,,Became a new sub-technique,N/A
New Technique,,T1687,,attack-pattern--01c9b54f-c04e-41ba-b0c3-cfe784b3a463,,Exploitation for Defense Impairment,,,defense-impairment,,Became a new technique,N/A
New Technique,,T1684,,attack-pattern--41e4d77a-6275-4976-9e35-785985598519,,Social Engineering,,,stealth,,Became a new technique,N/A
